id,file,sp
1,Hoa_Hong1d.jpg,1
2,Hoa_Hong1c.jpg,1
3,Hoa_Hong1b.jpg,1
4,Hoa_Hong1.jpg,1
5,Hoa_Cam_Chuong1e.jpg,2
6,Hoa_Cam_Chuong1d.jpg,2
7,Hoa_Cam_Chuong1c.jpg,2
8,Hoa_Cam_Chuong1b.jpg,2
9,Hoa_Cam_Chuong1a.jpg,2
10,Hoa_Cam_Chuong1.jpg,2
11,Hoa_Cam_Chuong5d.jpg,5
12,Hoa_Cam_Chuong5c.jpg,5
13,Hoa_Cam_Chuong5b.jpg,5
14,Hoa_Cam_Chuong5a.jpg,5
15,Hoa_Cam_Chuong5.jpg,5
16,Spring-Garden-Hanoi-HCMC-2_1024x1024@2x.jpg,7
17,Spring-Garden-Hanoi-HCMC_1024x1024@2x.jpg,7
18,SpringGarden_8a7fdabb-0ecd-4f76-82dc-5dd0583f2546_1024x1024@2x.jpg,7
19,springgaden_3489e898-c341-4146-8d14-3c183561404d_1024x1024@2x.jpg,7
20,Hoa_Hong2b.jpg,11
21,Hoa_Hong2a.jpg,11
22,Hoa_Hong2.jpg,11
23,CityOFStars11_1024x1024@2x.jpg,12
24,CityOFStars1_1024x1024@2x.jpg,12
25,CityOF2_1024x1024@2x.jpg,12
26,ComeAndKissMe_C_mTron2_1024x1024@2x.jpg,14
27,ComeAndKissMe_C_mTron12_1024x1024@2x.jpg,14
28,ComeAndKissMe_C_mTron1_1024x1024@2x.jpg,14
29,ComeAndKissMe_C_mTron_1024x1024@2x.jpg,14
30,hop-hoa-hop-hoa-go-have-a-sweet-day-3_1024x1024@2x.jpg,16
31,H_pHoaG_HaveASweetDay2_1024x1024@2x.jpg,16
32,H_pHoaG_HaveASweetDay1_1024x1024@2x.jpg,16
33,H_pHoaG_HaveASweetDay_1024x1024@2x.jpg,16
34,pinky_6067cced-5d81-428c-9882-4448936cef21_1024x1024@2x.jpg,20
35,Pinky_1024x1024@2x.jpg,20
36,nhieu-loai-hoa-bo-hoa-pinky-3_1024x1024@2x.jpg,20
37,BoHoaDoorsToHeavenCaoCap-web2_1024x1024@2x.jpg,21
38,BoHoaDoorsToHeavenCaoCap-web_1024x1024@2x.jpg,21
39,fireforthesoul_1024x1024@2x.jpg,28
40,BinhHoaTh_yTinhFireForTheSoul_1024x1024@2x.jpg,28
41,pinkblush_856f8b80-c69e-4bae-8f0a-20b629b3a385_1024x1024@2x.jpg,34
42,pinkblush_1024x1024@2x.jpg,34
43,gio-hoa-gio-hoa-diamond-love-3_1024x1024@2x.jpg,38
44,Gi_HoaDiamondLoveOnWeb_1024x1024@2x.jpg,38
45,diamondlove2_1024x1024@2x.jpg,38
46,diamondlove_4419600c-55f4-4fd6-95c5-238f2527d38f_1024x1024@2x.jpg,38
47,diamondlove_1024x1024@2x.jpg,38
48,76b630271d97e1c9b886_1024x1024@2x.jpg,38
49,hop-hoa-hop-hoa-go-sunshine-box-2_1024x1024@2x.jpg,50
50,H_pHoaG_SunshineBox1_1024x1024@2x.jpg,50
51,H_pHoaG_SunshineBox_1024x1024@2x.jpg,50
52,Hoa_Huong_Duong2b.jpg,52
53,Hoa_Huong_Duong2a.jpg,52
54,Hoa_Huong_Duong2.jpg,52
55,BoHoaH_ngD_ngShinyBaby1_1024x1024@2x.jpg,53
56,BoHoaH_ngD_ngShinyBaby_1024x1024@2x.jpg,53
57,Hoa_Huong_Duong1a.jpg,54
58,Hoa_Huong_Duong.jpg,54
59,hoa-baby-bo-hoa-my-only-sunshine-1_1024x1024@2x.jpg,55
60,BoHoaYellowGarden2_1024x1024@2x.jpg,55
61,BoHoaYellowGarden1_1024x1024@2x.jpg,55
62,BoHoaYellowGarden_87092941-9d4c-42d3-a3cf-5f0694af9c0a_1024x1024@2x.jpg,55
63,hoa-baby-bo-hoa-my-only-sunshine-3_1024x1024@2x.jpg,56
64,Happy_1d07c191-8a68-414a-973c-fdb949a012fd_1024x1024@2x.jpg,57
65,gio-hoa-gio-hoa-be-happy-3_1024x1024@2x.jpg,57
66,behappy_e534ad01-2bc8-4bff-b2f9-3b60f467bf35_1024x1024@2x.jpg,57
67,mindfulsouldb_1024x1024@2x.jpg,58
68,mindfulsoulcb_4c6c0a63-b2c2-40ce-999b-59b467682f7e_1024x1024@2x.jpg,58
69,MindfulSoul-c_b_n_1024x1024@2x.jpg,58
70,MindfulSoul-c_b_n.1_1024x1024@2x.jpg,58
71,mindfulsoul_1024x1024@2x.jpg,58
72,wonderland_1024x1024@2x.jpg,66
73,IMG_3952_2_1024x1024@2x.jpg,66
74,CE0617FC-D04F-4652-ADF1-2C80F03E265E_1024x1024@2x.jpg,66
75,8401F03B-340C-447C-9DC4-659B428D7924_1024x1024@2x.jpg,66
76,H_pHoaG_PrettyGlory1_1024x1024@2x.jpg,67
77,H_pHoaG_PrettyGlory_1024x1024@2x.jpg,67
78,BoHoaPurpleDesire2_1024x1024@2x.jpg,71
79,BoHoaPurpleDesire1_1024x1024@2x.jpg,71
80,BoHoaPurpleDesire_1024x1024@2x.jpg,71
81,TheOceanBreeze1_1024x1024@2x.jpg,72
82,TheOceanBreeze_1024x1024@2x.jpg,72
83,nhieu-loai-hoa-bo-hoa-the-ocean-breeze-1_1024x1024@2x.jpg,72
84,IMG_0831_1024x1024@2x.jpg,72
85,nhieu-loai-hoa-bo-hoa-purple-desire-dac-biet-4_1024x1024@2x.jpg,74
86,BoHoaTwilight1_1024x1024@2x.jpg,74
87,BoHoaTwilight_1024x1024@2x.jpg,74
88,bo-hoa-autumn-melody-4_1024x1024@2x.jpeg,75
89,bo-hoa-autumn-melody-2_1024x1024@2x.jpg,75
90,BoHoaAutumnMelody1_1024x1024@2x.jpg,75
91,anna_sgarden_40e645d2-4b39-4dc9-b6fc-38502e22d111_1024x1024@2x.jpg,80
92,Anna_sGarden_007c9667-eb30-47d6-b724-b43f2d23c8e5_1024x1024@2x.jpg,80
93,UnderTheBlueSky_1024x1024@2x.jpg,82
94,underthe_1024x1024@2x.jpg,82
95,underdb_1024x1024@2x.jpg,82
96,undercc_1024x1024@2x.jpg,82
97,daydreamer_1024x1024@2x.jpg,84
98,daydreamer_1_1024x1024@2x.jpg,84
99,romaticescape_1024x1024@2x.jpg,85
100,romance-escape_1024x1024@2x.jpg,85
101,nhieu-loai-hoa-bo-hoa-romantic-escape-3_1024x1024@2x.jpg,85
102,nhieu-loai-hoa-bo-hoa-romantic-escape-2_1024x1024@2x.jpg,85
103,sweet-desire-234_1024x1024@2x.jpg,86
104,sweet-desire-2_1024x1024@2x.jpg,86
105,sweet-desire-123_1024x1024@2x.jpg,86
106,SweetDesire_Transparent_01_1024x1024@2x.jpg,86
107,sweetdesire_1024x1024@2x.jpg,86
108,bo-hoa-million-little-things-3_1024x1024@2x.jpg,87
109,bo-hoa-million-little-things-2_1024x1024@2x.jpg,87
110,bo-hoa-million-little-things-1_1_1024x1024@2x.jpg,87
111,passionate-love-345_1024x1024@2x.jpg,88
112,passionate-love-234_1024x1024@2x.jpg,88
113,passionate-love-123_1024x1024@2x.jpg,88
114,passionate-love-123_1024x1024@2x.jpg,88
115,PassionateLove_1024x1024@2x.jpg,88
116,my-juliet-345_1024x1024@2x.jpg,89
117,my-juliet-2_1_1024x1024@2x.jpg,89
118,my-juliet-123_1024x1024@2x.jpg,89
119,my-princess-3_1024x1024@2x.jpg,90
120,my-princess-2_1024x1024@2x.jpg,90
121,my-princess_c4903f43-c3d8-4803-b1e5-40bd9206964b_1024x1024@2x.jpg,90
122,myprincess_1024x1024@2x.jpg,90
123,EnchantedSieuTo1_1024x1024@2x.jpg,91
124,EnchantedSieuTo_1024x1024@2x.jpg,91
125,bo-hoa-enchanted-3_1024x1024@2x.jpg,91
126,bo-hoa-enchanted-2_1024x1024@2x.jpg,91
127,BoHoaEnchanted_1024x1024@2x.jpg,91
128,sweet-tenderness-6_1024x1024@2x.jpg,92
129,H_pHoaG_SweetTenderness_1024x1024@2x.jpg,92
130,BoHoaCrystalPearlonweb_1024x1024@2x.jpg,93
131,BoHoaCrystalPearl_d764aec2-22bb-4758-a90f-a5ade95d798c_1024x1024@2x.jpg,93
132,BoHoaCrystalPearl_1024x1024@2x.jpg,93
133,intense-love-5_1024x1024@2x.jpg,94
134,intense-love-4_1024x1024@2x.jpg,94
135,intense-love-1_1024x1024@2x.jpg,94
136,intense-love-_2_1024x1024@2x.jpg,94
137,Sweet-Blossom2_1024x1024@2x.jpg,96
138,sweetblossom_1024x1024@2x.jpg,96
139,H_pHoaG_SweetBlossom_1024x1024@2x.jpg,96
140,YoungandBeautiful1_1024x1024@2x.jpg,100
141,youngandbeautiful_1024x1024@2x.jpg,100
142,Young_Beautiful_1024x1024@2x.jpg,100
143,hoa-baby-bo-hoa-young-beautiful-5_1024x1024@2x.jpg,100
144,shining-ruby-5_1024x1024@2x.jpg,101
145,shining-ruby-3_1024x1024@2x.jpg,101
146,Shining-Ruby_1024x1024@2x.jpg,101
147,bo-hoa-love-at-first-sight-3_1024x1024@2x.jpg,102
148,bo-hoa-love-at-first-sight-2_1024x1024@2x.jpg,102
149,bo-hoa-love-at-first-sight-1_1_1024x1024@2x.jpg,102
150,gentle-love-hcmc-hanoi_1024x1024@2x.jpg,103
151,GentleLove_C_B_n_1024x1024@2x.jpg,103
152,gentlelove_1024x1024@2x.jpg,103
153,Roseanne_5d2c4a3c-5696-475d-9e4c-39fe44f06e6a_1024x1024@2x.jpg,104
154,Roseanne_1024x1024@2x.jpg,104
155,Bo-Hoa-Roseanne_1024x1024@2x.jpg,104
156,4-roseanne-web-rs-macro-12_1024x1024@2x.jpg,104
157,Blooms-Of-Love3_1024x1024@2x.jpg,105
158,Bloomsoflove2_1024x1024@2x.jpg,105
159,Blooms-Of-Love_dc2f1bd1-fc27-4f43-b2bd-2a2529aff895_1024x1024@2x.jpg,105
160,purejoydb_d0e30c24-ae6f-4003-8919-9215680fc7e9_1024x1024@2x.jpg,108
161,purejoycc_a8701d37-73c4-42fe-b661-e8375a0aa9e8_1024x1024@2x.jpg,108
162,purejoycb_54db965d-c4d5-404f-9445-33b0f4cea8e4_1024x1024@2x.jpg,108
163,purejoy_1024x1024@2x.jpg,108
164,lovingmesoftly_1024x1024@2x.jpg,111
165,BinhHoaTh_yTinhLovingMeSoftly_1024x1024@2x.jpg,111
166,midsummer_85a9af6b-8055-4fb8-a51f-2d5b7b846794_1024x1024@2x.jpg,115
167,midsum_1024x1024@2x.jpg,115
168,bo-hoa-be-grateful-3_1024x1024@2x.jpg,116
169,bo-hoa-be-grateful-2_1024x1024@2x.jpg,116
170,bo-hoa-be-grateful-1_1_1024x1024@2x.jpg,116
171,begrateful_1024x1024@2x.jpg,116
172,pinkypromise_1024x1024@2x.jpg,117
173,pink-promise-5_1024x1024@2x.jpg,117
174,pink-promise-4_6a97191d-5eed-4693-96d7-e1881a8e408f_1024x1024@2x.jpg,117
175,pink-promise-3_1024x1024@2x.jpg,117
176,BohoaDreamofyou1_1024x1024@2x.jpg,118
177,BoHoaDreamofYou_1024x1024@2x.jpg,118
178,2-Dream-of-you-with-web-rs-5_1024x1024@2x.jpg,118
179,nhieu-loai-hoa-gio-hoa-lily-cam-chuong-trang-eternal-bond-1_1_1024x1024@2x.jpg,119
180,MissGlobe_be47b391-1537-46d5-acb4-7c11b60f9d0b_1024x1024@2x.jpg,120
181,BoHoaPinkPrincess_c1ac38bc-39bd-4427-9c3b-9bc88d65af15_1024x1024@2x.jpg,121
182,BoHoaPinkPrincess_1024x1024@2x.jpg,121
183,5CC8B192-0116-4ABB-A17C-EE8345367C98_1024x1024@2x.jpg,121
184,DB11736C-7FB9-4D8D-8FDF-B90E4C61B718_1024x1024@2x.jpg,125
185,BoHoaDearDaises_67176385-05fd-41bb-93d1-45e20cd85895_1024x1024@2x.jpg,125
186,BoHoaDearDaises_1024x1024@2x.jpg,125
187,BoHoaMakeMeSmile1_1024x1024@2x.jpg,126
188,BoHoaMakeMeSmile_46c5361d-1a8c-47ee-8c4f-f4ca2fcc769b_1024x1024@2x.jpg,126
189,BoHoaMakeMeSmile_1024x1024@2x.jpg,126
190,adorablesmileupshopify_1024x1024@2x.jpg,129
191,AdorableSmileHCM.jpg1_1024x1024@2x.jpg,129
192,AdorableSmile_6fa71b59-a807-41de-b1c6-3e8d431e62e4_1024x1024@2x.jpg,129
193,adorablesmile_1024x1024@2x.jpg,129
194,bo-hoa-passionate-heart-2_1024x1024@2x.jpg,130
195,BoHoaPassionateHeart_1024x1024@2x.jpg,130
196,orientalbloomcb_1024x1024@2x.jpg,132
197,orientalbloom_b3bcf4b6-9b62-4270-89b9-7344eab89311_1024x1024@2x.jpg,132
198,BoHoaTh_BinhOrientalBloom_1024x1024@2x.jpg,132
199,gio-hoa-lan-elegant-in-white-4_1024x1024@2x.jpg,136
200,gio-hoa-lan-elegant-in-white-3_1024x1024@2x.jpg,136
201,Gi_HoaLanElegantInWhite_1024x1024@2x.jpg,136
202,Ch_uHoaLanMorningDew_1024x1024@2x.jpg,137
203,Ch_uHoaLanBreakOfDawn_1024x1024@2x.jpg,138
204,gio-hoa-lan-delicacy-of-the-moon-4_1024x1024@2x.jpg,139
205,gio-hoa-lan-delicacy-of-the-moon-3_1024x1024@2x.jpg,139
206,Gi_HoaLanDelicacyOfTheMoon_1024x1024@2x.jpg,139
207,Ch_uHoaLanVanillaButterfly_1024x1024@2x.jpg,140
208,Ch_uHoaLanSpringInBlossom_1024x1024@2x.jpg,141
209,gio-hoa-lan-spring-light-3_1024x1024@2x.jpg,142
210,gio-hoa-lan-gentle-brightness-3_1024x1024@2x.jpg,142
211,Gi_HoaLanGentleBrightness_1024x1024@2x.jpg,142
212,Gi_HoaLanSpringLight_1024x1024@2x.jpg,143
213,Ch_uHoaLanMelodyOfJoy_1024x1024@2x.jpg,144
214,BoHoaTh_BinhHoaD_t_1024x1024@2x.jpg,145
215,bo-hoa-cam-san-hoa-dat-6_1024x1024@2x.jpg,145
216,Ch_uHoaLanParadeOfMagenta_1024x1024@2x.jpg,146
217,Ch_uHoaLanMidnight_1024x1024@2x.jpg,147